{
  "num_samples": 10,
  "trained_model": {
    "metrics": {
      "rmse": 26.77611579603536,
      "mae": 22.469989282197496,
      "median": 24.66421920716142,
      "min": 2.5733184520883565,
      "max": 50.58487143248374,
      "valid_count": 10,
      "total_count": 10,
      "distances": [
        27.663711631291793,
        27.673145201019707,
        13.891769227835502,
        50.58487143248374,
        2.5733184520883565,
        21.664726783031046,
        27.867667632107292,
        6.7651101467233,
        6.73454158533498,
        39.28103073005927
      ]
    },
    "predictions": [
      [
        39.951820373535156,
        -75.19225311279297
      ],
      [
        39.95210647583008,
        -75.1916732788086
      ],
      [
        39.9510383605957,
        -75.19236755371094
      ],
      [
        39.951904296875,
        -75.19223022460938
      ],
      [
        39.95174789428711,
        -75.19043731689453
      ],
      [
        39.95115280151367,
        -75.19174194335938
      ],
      [
        39.95263671875,
        -75.19174194335938
      ],
      [
        39.95166015625,
        -75.19217681884766
      ],
      [
        39.95151138305664,
        -75.19197845458984
      ],
      [
        39.95084762573242,
        -75.19195556640625
      ]
    ],
    "distances": [
      27.663711631291793,
      27.673145201019707,
      13.891769227835502,
      50.58487143248374,
      2.5733184520883565,
      21.664726783031046,
      27.867667632107292,
      6.7651101467233,
      6.73454158533498,
      39.28103073005927
    ]
  },
  "picarta_api": {
    "metrics": {
      "rmse": 3730.3728379521062,
      "mae": 2391.071813964273,
      "median": 1642.7079400244384,
      "min": 162.39980840458048,
      "max": 9858.463046131254,
      "valid_count": 10,
      "total_count": 10,
      "distances": [
        186.1485227650147,
        211.1682994600837,
        162.39980840458048,
        2820.1770886693525,
        465.2387913795242,
        213.13053059188934,
        2846.073443750229,
        3582.009671429752,
        3565.908937061056,
        9858.463046131254
      ]
    },
    "predictions": [
      [
        39.952247,
        -75.190095
      ],
      [
        39.951974,
        -75.193916
      ],
      [
        39.951974,
        -75.193916
      ],
      [
        39.950234,
        -75.159204
      ],
      [
        39.953295,
        -75.195466
      ],
      [
        39.952544,
        -75.193084
      ],
      [
        39.962646,
        -75.161354
      ],
      [
        39.955448,
        -75.15051
      ],
      [
        39.955448,
        -75.15051
      ],
      [
        40.038677,
        -75.17724799999998
      ]
    ],
    "distances": [
      186.1485227650147,
      211.1682994600837,
      162.39980840458048,
      2820.1770886693525,
      465.2387913795242,
      213.13053059188934,
      2846.073443750229,
      3582.009671429752,
      3565.908937061056,
      9858.463046131254
    ]
  },
  "actual_coords": [
    [
      39.95206944444445,
      -75.19226111111111
    ],
    [
      39.952308333333335,
      -75.19148333333334
    ],
    [
      39.95116111111111,
      -75.19233611111112
    ],
    [
      39.95234722222222,
      -75.19209166666667
    ],
    [
      39.95173333333334,
      -75.1904138888889
    ],
    [
      39.95103888888889,
      -75.19153611111112
    ],
    [
      39.95270555555556,
      -75.19205555555556
    ],
    [
      39.95171666666667,
      -75.19214722222223
    ],
    [
      39.95156111111111,
      -75.19193333333334
    ],
    [
      39.95058333333333,
      -75.19165000000001
    ]
  ]
}